2022-05-06_16:19:19,back.ibm.com,mysql,235,20,hello_ibm
2022-05-06_16:19:19,back.ibm.com,ratings,123,21,hello_ibm
2022-05-06_16:19:19,back.ibm.com,web,223,22,hello_ibm
2022-05-06_16:19:19,back.ibm.com,mysql,235,20,hello_ibm
2022-05-06_16:19:19,back.ibm.com,ratings,123,21,hello_ibm
2022-05-06_16:19:19,back.ibm.com,web,223,22,hello_ibm
2022-05-06_16:19:19,back.ibm.com,mysql,235,20,hello_ibm
2022-05-06_16:19:19,back.ibm.com,ratings,123,21,hello_ibm
2022-05-06_16:19:19,back.ibm.com,web,223,22,hello_ibm
2022-05-06_16:19:19,back.ibm.com,mysql,235,20,hello_ibm
2022-05-06_16:19:19,back.ibm.com,ratings,123,21,hello_ibm
2022-05-06_16:19:19,back.ibm.com,web,223,22,hello_ibm
2022-05-06_16:19:19,back.ibm.com,mysql,235,20,hello_ibm
2022-05-06_16:19:19,back.ibm.com,ratings,123,21,hello_ibm
2022-05-06_16:19:19,back.ibm.com,web,223,22,hello_ibm
2022-05-06_16:19:19,back.ibm.com,mysql,235,20,hello_ibm
2022-05-06_16:19:19,back.ibm.com,ratings,123,21,hello_ibm
2022-05-06_16:19:19,back.ibm.com,web,223,22,hello_ibm
2022-05-06_16:19:19,back.ibm.com,mysql,235,20,hello_ibm
2022-05-06_16:19:19,back.ibm.com,ratings,123,21,hello_ibm
2022-05-06_16:19:19,back.ibm.com,web,223,22,hello_ibm
2022-05-06_16:19:19,back.ibm.com,mysql,235,20,hello_ibm
2022-05-06_16:19:19,back.ibm.com,ratings,123,21,hello_ibm
2022-05-06_16:19:19,back.ibm.com,web,223,22,hello_ibm
2022-05-06_16:19:19,back.ibm.com,mysql,235,20,hello_ibm
2022-05-06_16:19:19,back.ibm.com,ratings,123,21,hello_ibm
2022-05-06_16:19:19,back.ibm.com,web,223,22,hello_ibm
2022-05-06_16:19:19,back.ibm.com,mysql,235,20,hello_ibm
2022-05-06_16:19:19,back.ibm.com,ratings,123,21,hello_ibm
2022-05-06_16:19:19,back.ibm.com,web,223,22,hello_ibm
2022-05-06_16:19:19,back.ibm.com,mysql,235,20,hello_ibm
2022-05-06_16:19:19,back.ibm.com,ratings,123,21,hello_ibm
2022-05-06_16:19:19,back.ibm.com,web,223,22,hello_ibm
2022-05-06_16:19:19,back.ibm.com,mysql,235,20,hello_ibm
2022-05-06_16:19:19,back.ibm.com,ratings,123,21,hello_ibm
2022-05-06_16:19:19,back.ibm.com,web,223,22,hello_ibm
2022-05-06_16:19:19,back.ibm.com,mysql,235,20,hello_ibm
2022-05-06_16:19:19,back.ibm.com,ratings,123,21,hello_ibm
2022-05-06_16:19:19,back.ibm.com,web,223,22,hello_ibm
2022-05-06_16:19:19,back.ibm.com,mysql,235,20,hello_ibm
2022-05-06_16:19:19,back.ibm.com,ratings,123,21,hello_ibm
2022-05-06_16:19:19,back.ibm.com,web,223,22,hello_ibm
2022-05-06_16:19:19,back.ibm.com,mysql,235,20,hello_ibm
2022-05-06_16:19:19,back.ibm.com,ratings,123,21,hello_ibm
2022-05-06_16:19:19,back.ibm.com,web,223,22,hello_ibm
2022-05-06_16:19:19,back.ibm.com,mysql,235,20,hello_ibm
2022-05-06_16:19:19,back.ibm.com,ratings,123,21,hello_ibm
2022-05-06_16:19:19,back.ibm.com,web,223,22,hello_ibm
2022-05-06_16:19:19,back.ibm.com,mysql,235,20,hello_ibm
2022-05-06_16:19:19,back.ibm.com,ratings,123,21,hello_ibm
2022-05-06_16:19:19,back.ibm.com,web,223,22,hello_ibm
2022-05-06_16:19:19,back.ibm.com,mysql,235,20,hello_ibm
2022-05-06_16:19:19,back.ibm.com,ratings,123,21,hello_ibm
2022-05-06_16:19:19,back.ibm.com,web,223,22,hello_ibm
2022-05-06_16:19:19,back.ibm.com,mysql,235,20,hello_ibm
2022-05-06_16:19:19,back.ibm.com,ratings,123,21,hello_ibm
2022-05-06_16:19:19,back.ibm.com,web,223,22,hello_ibm
2022-05-06_16:19:19,back.ibm.com,mysql,235,20,hello_ibm
2022-05-06_16:19:19,back.ibm.com,ratings,123,21,hello_ibm
2022-05-06_16:19:19,back.ibm.com,web,223,22,hello_ibm
2022-05-06_16:19:19,back.ibm.com,mysql,235,20,hello_ibm
2022-05-06_16:19:19,back.ibm.com,ratings,123,21,hello_ibm
2022-05-06_16:19:19,back.ibm.com,web,223,22,hello_ibm
2022-05-06_16:19:19,back.ibm.com,mysql,235,20,hello_ibm
2022-05-06_16:19:19,back.ibm.com,ratings,123,21,hello_ibm
2022-05-06_16:19:19,back.ibm.com,web,223,22,hello_ibm
2022-05-06_16:19:19,back.ibm.com,mysql,235,20,hello_ibm
2022-05-06_16:19:19,back.ibm.com,ratings,123,21,hello_ibm
2022-05-06_16:19:19,back.ibm.com,web,223,22,hello_ibm
2022-05-06_16:19:19,back.ibm.com,mysql,235,20,hello_ibm
2022-05-06_16:19:19,back.ibm.com,ratings,123,21,hello_ibm
2022-05-06_16:19:19,back.ibm.com,web,223,22,hello_ibm
2022-05-06_16:19:19,back.ibm.com,mysql,235,20,hello_ibm
2022-05-06_16:19:19,back.ibm.com,ratings,123,21,hello_ibm
2022-05-06_16:19:19,back.ibm.com,web,223,22,hello_ibm
2022-05-06_16:19:19,back.ibm.com,mysql,235,20,hello_ibm
2022-05-06_16:19:19,back.ibm.com,ratings,123,21,hello_ibm
2022-05-06_16:19:19,back.ibm.com,web,223,22,hello_ibm
2022-05-06_16:19:19,back.ibm.com,mysql,235,20,hello_ibm
2022-05-06_16:19:19,back.ibm.com,ratings,123,21,hello_ibm
2022-05-06_16:19:19,back.ibm.com,web,223,22,hello_ibm
2022-05-06_16:19:19,back.ibm.com,mysql,235,20,hello_ibm
2022-05-06_16:19:19,back.ibm.com,ratings,123,21,hello_ibm
2022-05-06_16:19:19,back.ibm.com,web,223,22,hello_ibm
2022-05-06_16:19:19,back.ibm.com,mysql,235,20,hello_ibm
2022-05-06_16:19:19,back.ibm.com,ratings,123,21,hello_ibm
2022-05-06_16:19:19,back.ibm.com,web,223,22,hello_ibm
2022-05-06_16:19:19,back.ibm.com,mysql,235,20,hello_ibm
2022-05-06_16:19:19,back.ibm.com,ratings,123,21,hello_ibm
2022-05-06_16:19:19,back.ibm.com,web,223,22,hello_ibm
2022-05-06_16:19:19,back.ibm.com,mysql,235,20,hello_ibm
2022-05-06_16:19:19,back.ibm.com,ratings,123,21,hello_ibm
2022-05-06_16:19:19,back.ibm.com,web,223,22,hello_ibm
2022-05-06_16:19:19,back.ibm.com,mysql,235,20,hello_ibm
2022-05-06_16:19:19,back.ibm.com,ratings,123,21,hello_ibm
2022-05-06_16:19:19,back.ibm.com,web,223,22,hello_ibm
2022-05-06_16:19:19,back.ibm.com,mysql,235,20,hello_ibm
2022-05-06_16:19:19,back.ibm.com,ratings,123,21,hello_ibm
2022-05-06_16:19:19,back.ibm.com,web,223,22,hello_ibm
2022-05-06_16:19:19,back.ibm.com,mysql,235,20,hello_ibm
2022-05-06_16:19:19,back.ibm.com,ratings,123,21,hello_ibm
2022-05-06_16:19:19,back.ibm.com,web,223,22,hello_ibm
2022-05-06_16:19:19,back.ibm.com,mysql,235,20,hello_ibm
2022-05-06_16:19:19,back.ibm.com,ratings,123,21,hello_ibm
2022-05-06_16:19:19,back.ibm.com,web,223,22,hello_ibm
2022-05-06_16:19:19,back.ibm.com,mysql,235,20,hello_ibm
2022-05-06_16:19:19,back.ibm.com,ratings,123,21,hello_ibm
2022-05-06_16:19:19,back.ibm.com,web,223,22,hello_ibm
2022-05-06_16:19:19,back.ibm.com,mysql,235,20,hello_ibm
2022-05-06_16:19:19,back.ibm.com,ratings,123,21,hello_ibm
2022-05-06_16:19:19,back.ibm.com,web,223,22,hello_ibm
2022-05-06_16:19:19,back.ibm.com,mysql,235,20,hello_ibm
2022-05-06_16:19:19,back.ibm.com,ratings,123,21,hello_ibm
2022-05-06_16:19:19,back.ibm.com,web,223,22,hello_ibm
2022-05-06_16:19:19,back.ibm.com,mysql,235,20,hello_ibm
2022-05-06_16:19:19,back.ibm.com,ratings,123,21,hello_ibm
2022-05-06_16:19:19,back.ibm.com,web,223,22,hello_ibm
2022-05-06_16:19:19,back.ibm.com,mysql,235,20,hello_ibm
2022-05-06_16:19:19,back.ibm.com,ratings,123,21,hello_ibm
2022-05-06_16:19:19,back.ibm.com,web,223,22,hello_ibm
2022-05-06_16:19:19,back.ibm.com,mysql,235,20,hello_ibm
2022-05-06_16:19:19,back.ibm.com,ratings,123,21,hello_ibm
2022-05-06_16:19:19,back.ibm.com,web,223,22,hello_ibm
2022-05-06_16:19:19,back.ibm.com,mysql,235,20,hello_ibm
2022-05-06_16:19:19,back.ibm.com,ratings,123,21,hello_ibm
2022-05-06_16:19:19,back.ibm.com,web,223,22,hello_ibm
2022-05-06_16:19:19,back.ibm.com,mysql,235,20,hello_ibm
2022-05-06_16:19:19,back.ibm.com,ratings,123,21,hello_ibm
2022-05-06_16:19:19,back.ibm.com,web,223,22,hello_ibm
2022-05-06_16:19:19,back.ibm.com,mysql,235,20,hello_ibm
2022-05-06_16:19:19,back.ibm.com,ratings,123,21,hello_ibm
2022-05-06_16:19:19,back.ibm.com,web,223,22,hello_ibm
2022-05-06_16:19:19,back.ibm.com,mysql,235,20,hello_ibm
2022-05-06_16:19:19,back.ibm.com,ratings,123,21,hello_ibm
2022-05-06_16:19:19,back.ibm.com,web,223,22,hello_ibm
2022-05-06_16:19:19,back.ibm.com,mysql,235,20,hello_ibm
2022-05-06_16:19:19,back.ibm.com,ratings,123,21,hello_ibm
2022-05-06_16:19:19,back.ibm.com,web,223,22,hello_ibm
2022-05-06_16:19:19,back.ibm.com,mysql,235,20,hello_ibm
2022-05-06_16:19:19,back.ibm.com,ratings,123,21,hello_ibm
2022-05-06_16:19:19,back.ibm.com,web,223,22,hello_ibm
2022-05-06_16:19:19,back.ibm.com,mysql,235,20,hello_ibm
2022-05-06_16:19:19,back.ibm.com,ratings,123,21,hello_ibm
2022-05-06_16:19:19,back.ibm.com,web,223,22,hello_ibm
2022-05-06_16:19:19,back.ibm.com,mysql,235,20,hello_ibm
2022-05-06_16:19:19,back.ibm.com,ratings,123,21,hello_ibm
2022-05-06_16:19:19,back.ibm.com,web,223,22,hello_ibm
2022-05-06_16:19:19,back.ibm.com,mysql,235,20,hello_ibm
2022-05-06_16:19:19,back.ibm.com,ratings,123,21,hello_ibm
2022-05-06_16:19:19,back.ibm.com,web,223,22,hello_ibm
2022-05-06_16:19:19,back.ibm.com,mysql,235,20,hello_ibm
2022-05-06_16:19:19,back.ibm.com,ratings,123,21,hello_ibm
2022-05-06_16:19:19,back.ibm.com,web,223,22,hello_ibm
2022-05-06_16:19:19,back.ibm.com,mysql,235,20,hello_ibm
2022-05-06_16:19:19,back.ibm.com,ratings,123,21,hello_ibm
2022-05-06_16:19:19,back.ibm.com,web,223,22,hello_ibm
2022-05-06_16:19:19,back.ibm.com,mysql,235,20,hello_ibm
2022-05-06_16:19:19,back.ibm.com,ratings,123,21,hello_ibm
2022-05-06_16:19:19,back.ibm.com,web,223,22,hello_ibm
2022-05-06_16:19:19,back.ibm.com,mysql,235,20,hello_ibm
2022-05-06_16:19:19,back.ibm.com,ratings,123,21,hello_ibm
2022-05-06_16:19:19,back.ibm.com,web,223,22,hello_ibm
2022-05-06_16:19:19,back.ibm.com,mysql,235,20,hello_ibm
2022-05-06_16:19:19,back.ibm.com,ratings,123,21,hello_ibm
2022-05-06_16:19:19,back.ibm.com,web,223,22,hello_ibm
2022-05-06_16:19:19,back.ibm.com,mysql,235,20,hello_ibm
2022-05-06_16:19:19,back.ibm.com,ratings,123,21,hello_ibm
2022-05-06_16:19:19,back.ibm.com,web,223,22,hello_ibm
2022-05-06_16:19:19,back.ibm.com,mysql,235,20,hello_ibm
2022-05-06_16:19:19,back.ibm.com,ratings,123,21,hello_ibm
2022-05-06_16:19:19,back.ibm.com,web,223,22,hello_ibm
2022-05-06_16:19:19,back.ibm.com,mysql,235,20,hello_ibm
2022-05-06_16:19:19,back.ibm.com,ratings,123,21,hello_ibm
2022-05-06_16:19:19,back.ibm.com,web,223,22,hello_ibm
2022-05-06_16:19:19,back.ibm.com,mysql,235,20,hello_ibm
2022-05-06_16:19:19,back.ibm.com,ratings,123,21,hello_ibm
2022-05-06_16:19:19,back.ibm.com,web,223,22,hello_ibm
2022-05-06_16:19:19,back.ibm.com,mysql,235,20,hello_ibm
2022-05-06_16:19:19,back.ibm.com,ratings,123,21,hello_ibm
2022-05-06_16:19:19,back.ibm.com,web,223,22,hello_ibm
2022-05-06_16:19:19,back.ibm.com,mysql,235,20,hello_ibm
2022-05-06_16:19:19,back.ibm.com,ratings,123,21,hello_ibm
2022-05-06_16:19:19,back.ibm.com,web,223,22,hello_ibm
2022-05-06_16:19:19,back.ibm.com,mysql,235,20,hello_ibm
2022-05-06_16:19:19,back.ibm.com,ratings,123,21,hello_ibm
2022-05-06_16:19:19,back.ibm.com,web,223,22,hello_ibm
2022-05-06_16:19:19,back.ibm.com,mysql,235,20,hello_ibm
2022-05-06_16:19:19,back.ibm.com,ratings,123,21,hello_ibm
2022-05-06_16:19:19,back.ibm.com,web,223,22,hello_ibm
2022-05-06_16:19:19,back.ibm.com,mysql,235,20,hello_ibm
2022-05-06_16:19:19,back.ibm.com,ratings,123,21,hello_ibm
2022-05-06_16:19:19,back.ibm.com,web,223,22,hello_ibm
2022-05-06_16:19:19,back.ibm.com,mysql,235,20,hello_ibm
2022-05-06_16:19:19,back.ibm.com,ratings,123,21,hello_ibm
2022-05-06_16:19:19,back.ibm.com,web,223,22,hello_ibm
2022-05-06_16:19:19,back.ibm.com,mysql,235,20,hello_ibm
2022-05-06_16:19:19,back.ibm.com,ratings,123,21,hello_ibm
2022-05-06_16:19:19,back.ibm.com,web,223,22,hello_ibm
2022-05-06_16:19:19,back.ibm.com,mysql,235,20,hello_ibm
2022-05-06_16:19:19,back.ibm.com,ratings,123,21,hello_ibm
2022-05-06_16:19:19,back.ibm.com,web,223,22,hello_ibm
2022-05-06_16:19:19,back.ibm.com,mysql,235,20,hello_ibm
2022-05-06_16:19:19,back.ibm.com,ratings,123,21,hello_ibm
2022-05-06_16:19:19,back.ibm.com,web,223,22,hello_ibm
2022-05-06_16:19:19,back.ibm.com,mysql,235,20,hello_ibm
2022-05-06_16:19:19,back.ibm.com,ratings,123,21,hello_ibm
2022-05-06_16:19:19,back.ibm.com,web,223,22,hello_ibm
2022-05-06_16:19:19,back.ibm.com,mysql,235,20,hello_ibm
2022-05-06_16:19:19,back.ibm.com,ratings,123,21,hello_ibm
2022-05-06_16:19:19,back.ibm.com,web,223,22,hello_ibm
2022-05-06_16:19:19,back.ibm.com,mysql,235,20,hello_ibm
2022-05-06_16:19:19,back.ibm.com,ratings,123,21,hello_ibm
2022-05-06_16:19:19,back.ibm.com,web,223,22,hello_ibm
2022-05-06_16:19:19,back.ibm.com,mysql,235,20,hello_ibm
2022-05-06_16:19:19,back.ibm.com,ratings,123,21,hello_ibm
2022-05-06_16:19:19,back.ibm.com,web,223,22,hello_ibm
2022-05-06_16:19:19,back.ibm.com,mysql,235,20,hello_ibm
2022-05-06_16:19:19,back.ibm.com,ratings,123,21,hello_ibm
2022-05-06_16:19:19,back.ibm.com,web,223,22,hello_ibm
2022-05-06_16:19:19,back.ibm.com,mysql,235,20,hello_ibm
2022-05-06_16:19:19,back.ibm.com,ratings,123,21,hello_ibm
2022-05-06_16:19:19,back.ibm.com,web,223,22,hello_ibm
2022-05-06_16:19:19,back.ibm.com,mysql,235,20,hello_ibm
2022-05-06_16:19:19,back.ibm.com,ratings,123,21,hello_ibm
2022-05-06_16:19:19,back.ibm.com,web,223,22,hello_ibm
2022-05-06_16:19:19,back.ibm.com,mysql,235,20,hello_ibm
2022-05-06_16:19:19,back.ibm.com,ratings,123,21,hello_ibm
2022-05-06_16:19:19,back.ibm.com,web,223,22,hello_ibm
2022-05-06_16:19:19,back.ibm.com,mysql,235,20,hello_ibm
2022-05-06_16:19:19,back.ibm.com,ratings,123,21,hello_ibm
2022-05-06_16:19:19,back.ibm.com,web,223,22,hello_ibm
2022-05-06_16:19:19,back.ibm.com,mysql,235,20,hello_ibm
2022-05-06_16:19:19,back.ibm.com,ratings,123,21,hello_ibm
2022-05-06_16:19:19,back.ibm.com,web,223,22,hello_ibm
2022-05-06_16:19:19,back.ibm.com,mysql,235,20,hello_ibm
2022-05-06_16:19:19,back.ibm.com,ratings,123,21,hello_ibm
2022-05-06_16:19:19,back.ibm.com,web,223,22,hello_ibm
2022-05-06_16:19:19,back.ibm.com,mysql,235,20,hello_ibm
2022-05-06_16:19:19,back.ibm.com,ratings,123,21,hello_ibm
2022-05-06_16:19:19,back.ibm.com,web,223,22,hello_ibm
2022-05-06_16:19:19,back.ibm.com,mysql,235,20,hello_ibm
2022-05-06_16:19:19,back.ibm.com,ratings,123,21,hello_ibm
2022-05-06_16:19:19,back.ibm.com,web,223,22,hello_ibm
2022-05-06_16:19:19,back.ibm.com,mysql,235,20,hello_ibm
2022-05-06_16:19:19,back.ibm.com,ratings,123,21,hello_ibm
2022-05-06_16:19:19,back.ibm.com,web,223,22,hello_ibm
2022-05-06_16:19:19,back.ibm.com,mysql,235,20,hello_ibm
2022-05-06_16:19:19,back.ibm.com,ratings,123,21,hello_ibm
2022-05-06_16:19:19,back.ibm.com,web,223,22,hello_ibm
2022-05-06_16:19:19,back.ibm.com,mysql,235,20,hello_ibm
2022-05-06_16:19:19,back.ibm.com,ratings,123,21,hello_ibm
2022-05-06_16:19:19,back.ibm.com,web,223,22,hello_ibm
2022-05-06_16:19:19,back.ibm.com,mysql,235,20,hello_ibm
2022-05-06_16:19:19,back.ibm.com,ratings,123,21,hello_ibm
2022-05-06_16:19:19,back.ibm.com,web,223,22,hello_ibm
2022-05-06_16:19:19,back.ibm.com,mysql,235,20,hello_ibm
2022-05-06_16:19:19,back.ibm.com,ratings,123,21,hello_ibm
2022-05-06_16:19:19,back.ibm.com,web,223,22,hello_ibm
2022-05-06_16:19:19,back.ibm.com,mysql,235,20,hello_ibm
2022-05-06_16:19:19,back.ibm.com,ratings,123,21,hello_ibm
2022-05-06_16:19:19,back.ibm.com,web,223,22,hello_ibm
2022-05-06_16:19:19,back.ibm.com,mysql,235,20,hello_ibm
2022-05-06_16:19:19,back.ibm.com,ratings,123,21,hello_ibm
2022-05-06_16:19:19,back.ibm.com,web,223,22,hello_ibm
2022-05-06_16:19:19,back.ibm.com,mysql,235,20,hello_ibm
2022-05-06_16:19:19,back.ibm.com,ratings,123,21,hello_ibm
2022-05-06_16:19:19,back.ibm.com,web,223,22,hello_ibm
2022-05-06_16:19:19,back.ibm.com,mysql,235,20,hello_ibm
2022-05-06_16:19:19,back.ibm.com,ratings,123,21,hello_ibm
2022-05-06_16:19:19,back.ibm.com,web,223,22,hello_ibm
2022-05-06_16:19:19,back.ibm.com,mysql,235,20,hello_ibm
2022-05-06_16:19:19,back.ibm.com,ratings,123,21,hello_ibm
2022-05-06_16:19:19,back.ibm.com,web,223,22,hello_ibm
2022-05-06_16:19:19,back.ibm.com,mysql,235,20,hello_ibm
2022-05-06_16:19:19,back.ibm.com,ratings,123,21,hello_ibm
2022-05-06_16:19:19,back.ibm.com,web,223,22,hello_ibm
2022-05-06_16:19:19,back.ibm.com,mysql,235,20,hello_ibm
2022-05-06_16:19:19,back.ibm.com,ratings,123,21,hello_ibm
2022-05-06_16:19:19,back.ibm.com,web,223,22,hello_ibm
2022-05-06_16:19:19,back.ibm.com,mysql,235,20,hello_ibm
2022-05-06_16:19:19,back.ibm.com,ratings,123,21,hello_ibm
2022-05-06_16:19:19,back.ibm.com,web,223,22,hello_ibm
2022-05-06_16:19:19,back.ibm.com,mysql,235,20,hello_ibm
2022-05-06_16:19:19,back.ibm.com,ratings,123,21,hello_ibm
2022-05-06_16:19:19,back.ibm.com,web,223,22,hello_ibm
2022-05-06_16:19:19,back.ibm.com,mysql,235,20,hello_ibm
2022-05-06_16:19:19,back.ibm.com,ratings,123,21,hello_ibm
2022-05-06_16:19:19,back.ibm.com,web,223,22,hello_ibm
2022-05-06_16:19:19,back.ibm.com,mysql,235,20,hello_ibm
2022-05-06_16:19:19,back.ibm.com,ratings,123,21,hello_ibm
2022-05-06_16:19:19,back.ibm.com,web,223,22,hello_ibm
2022-05-06_16:19:19,back.ibm.com,mysql,235,20,hello_ibm
2022-05-06_16:19:19,back.ibm.com,ratings,123,21,hello_ibm
2022-05-06_16:19:19,back.ibm.com,web,223,22,hello_ibm
2022-05-06_16:19:19,back.ibm.com,mysql,235,20,hello_ibm
2022-05-06_16:19:19,back.ibm.com,ratings,123,21,hello_ibm
2022-05-06_16:19:19,back.ibm.com,web,223,22,hello_ibm
2022-05-06_16:19:19,back.ibm.com,mysql,235,20,hello_ibm
2022-05-06_16:19:19,back.ibm.com,ratings,123,21,hello_ibm
2022-05-06_16:19:19,back.ibm.com,web,223,22,hello_ibm
2022-05-06_16:19:19,back.ibm.com,mysql,235,20,hello_ibm
2022-05-06_16:19:19,back.ibm.com,ratings,123,21,hello_ibm
2022-05-06_16:19:19,back.ibm.com,web,223,22,hello_ibm
2022-05-06_16:19:19,back.ibm.com,mysql,235,20,hello_ibm
2022-05-06_16:19:19,back.ibm.com,ratings,123,21,hello_ibm
2022-05-06_16:19:19,back.ibm.com,web,223,22,hello_ibm
2022-05-06_16:19:19,back.ibm.com,mysql,235,20,hello_ibm
2022-05-06_16:19:19,back.ibm.com,ratings,123,21,hello_ibm
2022-05-06_16:19:19,back.ibm.com,web,223,22,hello_ibm
2022-05-06_16:19:19,back.ibm.com,mysql,235,20,hello_ibm
2022-05-06_16:19:19,back.ibm.com,ratings,123,21,hello_ibm
2022-05-06_16:19:19,back.ibm.com,web,223,22,hello_ibm
2022-05-06_16:19:19,back.ibm.com,mysql,235,20,hello_ibm
2022-05-06_16:19:19,back.ibm.com,ratings,123,21,hello_ibm
2022-05-06_16:19:19,back.ibm.com,web,223,22,hello_ibm
2022-05-06_16:19:19,back.ibm.com,mysql,235,20,hello_ibm
2022-05-06_16:19:19,back.ibm.com,ratings,123,21,hello_ibm
2022-05-06_16:19:19,back.ibm.com,web,223,22,hello_ibm
2022-05-06_16:19:19,back.ibm.com,mysql,235,20,hello_ibm
2022-05-06_16:19:19,back.ibm.com,ratings,123,21,hello_ibm
2022-05-06_16:19:19,back.ibm.com,web,223,22,hello_ibm
2022-05-06_16:19:19,back.ibm.com,mysql,235,20,hello_ibm
2022-05-06_16:19:19,back.ibm.com,ratings,123,21,hello_ibm
2022-05-06_16:19:19,back.ibm.com,web,223,22,hello_ibm
2022-05-06_16:19:19,back.ibm.com,mysql,235,20,hello_ibm
2022-05-06_16:19:19,back.ibm.com,ratings,123,21,hello_ibm
2022-05-06_16:19:19,back.ibm.com,web,223,22,hello_ibm
2022-05-06_16:19:19,back.ibm.com,mysql,235,20,hello_ibm
2022-05-06_16:19:19,back.ibm.com,ratings,123,21,hello_ibm
2022-05-06_16:19:19,back.ibm.com,web,223,22,hello_ibm
2022-05-06_16:19:19,back.ibm.com,mysql,235,20,hello_ibm
2022-05-06_16:19:19,back.ibm.com,ratings,123,21,hello_ibm
2022-05-06_16:19:19,back.ibm.com,web,223,22,hello_ibm
2022-05-06_16:19:19,back.ibm.com,mysql,235,20,hello_ibm
2022-05-06_16:19:19,back.ibm.com,ratings,123,21,hello_ibm
2022-05-06_16:19:19,back.ibm.com,web,223,22,hello_ibm
2022-05-06_16:19:19,back.ibm.com,mysql,235,20,hello_ibm
2022-05-06_16:19:19,back.ibm.com,ratings,123,21,hello_ibm
2022-05-06_16:19:19,back.ibm.com,web,223,22,hello_ibm
2022-05-06_16:19:19,back.ibm.com,mysql,235,20,hello_ibm
2022-05-06_16:19:19,back.ibm.com,ratings,123,21,hello_ibm
2022-05-06_16:19:19,back.ibm.com,web,223,22,hello_ibm
2022-05-06_16:19:19,back.ibm.com,mysql,235,20,hello_ibm
2022-05-06_16:19:19,back.ibm.com,ratings,123,21,hello_ibm
2022-05-06_16:19:19,back.ibm.com,web,223,22,hello_ibm
2022-05-06_16:19:19,back.ibm.com,mysql,235,20,hello_ibm
2022-05-06_16:19:19,back.ibm.com,ratings,123,21,hello_ibm
2022-05-06_16:19:19,back.ibm.com,web,223,22,hello_ibm
2022-05-06_16:19:19,back.ibm.com,mysql,235,20,hello_ibm
2022-05-06_16:19:19,back.ibm.com,ratings,123,21,hello_ibm
2022-05-06_16:19:19,back.ibm.com,web,223,22,hello_ibm
2022-05-06_16:19:19,back.ibm.com,mysql,235,20,hello_ibm
2022-05-06_16:19:19,back.ibm.com,ratings,123,21,hello_ibm
2022-05-06_16:19:19,back.ibm.com,web,223,22,hello_ibm
2022-05-06_16:19:19,back.ibm.com,mysql,235,20,hello_ibm
2022-05-06_16:19:19,back.ibm.com,ratings,123,21,hello_ibm
2022-05-06_16:19:19,back.ibm.com,web,223,22,hello_ibm
2022-05-06_16:19:19,back.ibm.com,mysql,235,20,hello_ibm
2022-05-06_16:19:19,back.ibm.com,ratings,123,21,hello_ibm
2022-05-06_16:19:19,back.ibm.com,web,223,22,hello_ibm
2022-05-06_16:19:19,back.ibm.com,mysql,235,20,hello_ibm
2022-05-06_16:19:19,back.ibm.com,ratings,123,21,hello_ibm
2022-05-06_16:19:19,back.ibm.com,web,223,22,hello_ibm
2022-05-06_16:19:19,back.ibm.com,mysql,235,20,hello_ibm
2022-05-06_16:19:19,back.ibm.com,ratings,123,21,hello_ibm
2022-05-06_16:19:19,back.ibm.com,web,223,22,hello_ibm
2022-05-06_16:19:19,back.ibm.com,mysql,235,20,hello_ibm
2022-05-06_16:19:19,back.ibm.com,ratings,123,21,hello_ibm
2022-05-06_16:19:19,back.ibm.com,web,223,22,hello_ibm
2022-05-06_16:19:19,back.ibm.com,mysql,235,20,hello_ibm
2022-05-06_16:19:19,back.ibm.com,ratings,123,21,hello_ibm
2022-05-06_16:19:19,back.ibm.com,web,223,22,hello_ibm
2022-05-06_16:19:19,back.ibm.com,mysql,235,20,hello_ibm
2022-05-06_16:19:19,back.ibm.com,ratings,123,21,hello_ibm
2022-05-06_16:19:19,back.ibm.com,web,223,22,hello_ibm
2022-05-06_16:19:19,back.ibm.com,mysql,235,20,hello_ibm
2022-05-06_16:19:19,back.ibm.com,ratings,123,21,hello_ibm
2022-05-06_16:19:19,back.ibm.com,web,223,22,hello_ibm
2022-05-06_16:19:19,back.ibm.com,mysql,235,20,hello_ibm
2022-05-06_16:19:19,back.ibm.com,ratings,123,21,hello_ibm
2022-05-06_16:19:19,back.ibm.com,web,223,22,hello_ibm
2022-05-06_16:19:19,back.ibm.com,mysql,235,20,hello_ibm
2022-05-06_16:19:19,back.ibm.com,ratings,123,21,hello_ibm
2022-05-06_16:19:19,back.ibm.com,web,223,22,hello_ibm
2022-05-06_16:19:19,back.ibm.com,mysql,235,20,hello_ibm
2022-05-06_16:19:19,back.ibm.com,ratings,123,21,hello_ibm
2022-05-06_16:19:19,back.ibm.com,web,223,22,hello_ibm
2022-05-06_16:19:19,back.ibm.com,mysql,235,20,hello_ibm
2022-05-06_16:19:19,back.ibm.com,ratings,123,21,hello_ibm
2022-05-06_16:19:19,back.ibm.com,web,223,22,hello_ibm
2022-05-06_16:19:19,back.ibm.com,mysql,235,20,hello_ibm
2022-05-06_16:19:19,back.ibm.com,ratings,123,21,hello_ibm
2022-05-06_16:19:19,back.ibm.com,web,223,22,hello_ibm
2022-05-06_16:19:19,back.ibm.com,mysql,235,20,hello_ibm
2022-05-06_16:19:19,back.ibm.com,ratings,123,21,hello_ibm
2022-05-06_16:19:19,back.ibm.com,web,223,22,hello_ibm
2022-05-06_16:19:19,back.ibm.com,mysql,235,20,hello_ibm
2022-05-06_16:19:19,back.ibm.com,ratings,123,21,hello_ibm
2022-05-06_16:19:19,back.ibm.com,web,223,22,hello_ibm
2022-05-06_16:19:19,back.ibm.com,mysql,235,20,hello_ibm
2022-05-06_16:19:19,back.ibm.com,ratings,123,21,hello_ibm
2022-05-06_16:19:19,back.ibm.com,web,223,22,hello_ibm
2022-05-06_16:19:19,back.ibm.com,mysql,235,20,hello_ibm
2022-05-06_16:19:19,back.ibm.com,ratings,123,21,hello_ibm
2022-05-06_16:19:19,back.ibm.com,web,223,22,hello_ibm
2022-05-06_16:19:19,back.ibm.com,mysql,235,20,hello_ibm
2022-05-06_16:19:19,back.ibm.com,ratings,123,21,hello_ibm
2022-05-06_16:19:19,back.ibm.com,web,223,22,hello_ibm
2022-05-06_16:19:19,back.ibm.com,mysql,235,20,hello_ibm
2022-05-06_16:19:19,back.ibm.com,ratings,123,21,hello_ibm
2022-05-06_16:19:19,back.ibm.com,web,223,22,hello_ibm
2022-05-06_16:19:19,back.ibm.com,mysql,235,20,hello_ibm
2022-05-06_16:19:19,back.ibm.com,ratings,123,21,hello_ibm
2022-05-06_16:19:19,back.ibm.com,web,223,22,hello_ibm
2022-05-06_16:19:19,back.ibm.com,mysql,235,20,hello_ibm
2022-05-06_16:19:19,back.ibm.com,ratings,123,21,hello_ibm
2022-05-06_16:19:19,back.ibm.com,web,223,22,hello_ibm
2022-05-06_16:19:19,back.ibm.com,mysql,235,20,hello_ibm
2022-05-06_16:19:19,back.ibm.com,ratings,123,21,hello_ibm
2022-05-06_16:19:19,back.ibm.com,web,223,22,hello_ibm
2022-05-06_16:19:19,back.ibm.com,mysql,235,20,hello_ibm
2022-05-06_16:19:19,back.ibm.com,ratings,123,21,hello_ibm
2022-05-06_16:19:19,back.ibm.com,web,223,22,hello_ibm
2022-05-06_16:19:19,back.ibm.com,mysql,235,20,hello_ibm
2022-05-06_16:19:19,back.ibm.com,ratings,123,21,hello_ibm
2022-05-06_16:19:19,back.ibm.com,web,223,22,hello_ibm
2022-05-06_16:19:19,back.ibm.com,mysql,235,20,hello_ibm
2022-05-06_16:19:19,back.ibm.com,ratings,123,21,hello_ibm
2022-05-06_16:19:19,back.ibm.com,web,223,22,hello_ibm
2022-05-06_16:19:19,back.ibm.com,mysql,235,20,hello_ibm
2022-05-06_16:19:19,back.ibm.com,ratings,123,21,hello_ibm
2022-05-06_16:19:19,back.ibm.com,web,223,22,hello_ibm
2022-05-06_16:19:19,back.ibm.com,mysql,235,20,hello_ibm
2022-05-06_16:19:19,back.ibm.com,ratings,123,21,hello_ibm
2022-05-06_16:19:19,back.ibm.com,web,223,22,hello_ibm
2022-05-06_16:19:19,back.ibm.com,mysql,235,20,hello_ibm
2022-05-06_16:19:19,back.ibm.com,ratings,123,21,hello_ibm
2022-05-06_16:19:19,back.ibm.com,web,223,22,hello_ibm
2022-05-06_16:19:19,back.ibm.com,mysql,235,20,hello_ibm
2022-05-06_16:19:19,back.ibm.com,ratings,123,21,hello_ibm
2022-05-06_16:19:19,back.ibm.com,web,223,22,hello_ibm
2022-05-06_16:19:19,back.ibm.com,mysql,235,20,hello_ibm
2022-05-06_16:19:19,back.ibm.com,ratings,123,21,hello_ibm
2022-05-06_16:19:19,back.ibm.com,web,223,22,hello_ibm
2022-05-06_16:19:19,back.ibm.com,mysql,235,20,hello_ibm
2022-05-06_16:19:19,back.ibm.com,ratings,123,21,hello_ibm
2022-05-06_16:19:19,back.ibm.com,web,223,22,hello_ibm
2022-05-06_16:19:19,back.ibm.com,mysql,235,20,hello_ibm
2022-05-06_16:19:19,back.ibm.com,ratings,123,21,hello_ibm
2022-05-06_16:19:19,back.ibm.com,web,223,22,hello_ibm
2022-05-06_16:19:19,back.ibm.com,mysql,235,20,hello_ibm
2022-05-06_16:19:19,back.ibm.com,ratings,123,21,hello_ibm
2022-05-06_16:19:19,back.ibm.com,web,223,22,hello_ibm
2022-05-06_16:19:19,back.ibm.com,mysql,235,20,hello_ibm
2022-05-06_16:19:19,back.ibm.com,ratings,123,21,hello_ibm
2022-05-06_16:19:19,back.ibm.com,web,223,22,hello_ibm
2022-05-06_16:19:19,back.ibm.com,mysql,235,20,hello_ibm
2022-05-06_16:19:19,back.ibm.com,ratings,123,21,hello_ibm
2022-05-06_16:19:19,back.ibm.com,web,223,22,hello_ibm
2022-05-06_16:19:19,back.ibm.com,mysql,235,20,hello_ibm
2022-05-06_16:19:19,back.ibm.com,ratings,123,21,hello_ibm
2022-05-06_16:19:19,back.ibm.com,web,223,22,hello_ibm
2022-05-06_16:19:19,back.ibm.com,mysql,235,20,hello_ibm
2022-05-06_16:19:19,back.ibm.com,ratings,123,21,hello_ibm
2022-05-06_16:19:19,back.ibm.com,web,223,22,hello_ibm
2022-05-06_16:19:19,back.ibm.com,mysql,235,20,hello_ibm
2022-05-06_16:19:19,back.ibm.com,ratings,123,21,hello_ibm
2022-05-06_16:19:19,back.ibm.com,web,223,22,hello_ibm
2022-05-06_16:19:19,back.ibm.com,mysql,235,20,hello_ibm
2022-05-06_16:19:19,back.ibm.com,ratings,123,21,hello_ibm
2022-05-06_16:19:19,back.ibm.com,web,223,22,hello_ibm
2022-05-06_16:19:19,back.ibm.com,mysql,235,20,hello_ibm
2022-05-06_16:19:19,back.ibm.com,ratings,123,21,hello_ibm
2022-05-06_16:19:19,back.ibm.com,web,223,22,hello_ibm
2022-05-06_16:19:19,back.ibm.com,mysql,235,20,hello_ibm
2022-05-06_16:19:19,back.ibm.com,ratings,123,21,hello_ibm
2022-05-06_16:19:19,back.ibm.com,web,223,22,hello_ibm
2022-05-06_16:19:19,back.ibm.com,mysql,235,20,hello_ibm
2022-05-06_16:19:19,back.ibm.com,ratings,123,21,hello_ibm
2022-05-06_16:19:19,back.ibm.com,web,223,22,hello_ibm
2022-05-06_16:19:19,back.ibm.com,mysql,235,20,hello_ibm
2022-05-06_16:19:19,back.ibm.com,ratings,123,21,hello_ibm
2022-05-06_16:19:19,back.ibm.com,web,223,22,hello_ibm
2022-05-06_16:19:19,back.ibm.com,mysql,235,20,hello_ibm
2022-05-06_16:19:19,back.ibm.com,ratings,123,21,hello_ibm
2022-05-06_16:19:19,back.ibm.com,web,223,22,hello_ibm
2022-05-06_16:19:19,back.ibm.com,mysql,235,20,hello_ibm
2022-05-06_16:19:19,back.ibm.com,ratings,123,21,hello_ibm
2022-05-06_16:19:19,back.ibm.com,web,223,22,hello_ibm
2022-05-06_16:19:19,back.ibm.com,mysql,235,20,hello_ibm
2022-05-06_16:19:19,back.ibm.com,ratings,123,21,hello_ibm
2022-05-06_16:19:19,back.ibm.com,web,223,22,hello_ibm
2022-05-06_16:19:19,back.ibm.com,mysql,235,20,hello_ibm
2022-05-06_16:19:19,back.ibm.com,ratings,123,21,hello_ibm
2022-05-06_16:19:19,back.ibm.com,web,223,22,hello_ibm
2022-05-06_16:19:19,back.ibm.com,mysql,235,20,hello_ibm
2022-05-06_16:19:19,back.ibm.com,ratings,123,21,hello_ibm
2022-05-06_16:19:19,back.ibm.com,web,223,22,hello_ibm
2022-05-06_16:19:19,back.ibm.com,mysql,235,20,hello_ibm
2022-05-06_16:19:19,back.ibm.com,ratings,123,21,hello_ibm
2022-05-06_16:19:19,back.ibm.com,web,223,22,hello_ibm
2022-05-06_16:19:19,back.ibm.com,mysql,235,20,hello_ibm
2022-05-06_16:19:19,back.ibm.com,ratings,123,21,hello_ibm
2022-05-06_16:19:19,back.ibm.com,web,223,22,hello_ibm
2022-05-06_16:19:19,back.ibm.com,mysql,235,20,hello_ibm
2022-05-06_16:19:19,back.ibm.com,ratings,123,21,hello_ibm
2022-05-06_16:19:19,back.ibm.com,web,223,22,hello_ibm
2022-05-06_16:19:19,back.ibm.com,mysql,235,20,hello_ibm
2022-05-06_16:19:19,back.ibm.com,ratings,123,21,hello_ibm
2022-05-06_16:19:19,back.ibm.com,web,223,22,hello_ibm
2022-05-06_16:19:19,back.ibm.com,mysql,235,20,hello_ibm
2022-05-06_16:19:19,back.ibm.com,ratings,123,21,hello_ibm
2022-05-06_16:19:19,back.ibm.com,web,223,22,hello_ibm
2022-05-06_16:19:19,back.ibm.com,mysql,235,20,hello_ibm
2022-05-06_16:19:19,back.ibm.com,ratings,123,21,hello_ibm
2022-05-06_16:19:19,back.ibm.com,web,223,22,hello_ibm
2022-05-06_16:19:19,back.ibm.com,mysql,235,20,hello_ibm
2022-05-06_16:19:19,back.ibm.com,ratings,123,21,hello_ibm
2022-05-06_16:19:19,back.ibm.com,web,223,22,hello_ibm
2022-05-06_16:19:19,back.ibm.com,mysql,235,20,hello_ibm
2022-05-06_16:19:19,back.ibm.com,ratings,123,21,hello_ibm
2022-05-06_16:19:19,back.ibm.com,web,223,22,hello_ibm
2022-05-06_16:19:19,back.ibm.com,mysql,235,20,hello_ibm
2022-05-06_16:19:19,back.ibm.com,ratings,123,21,hello_ibm
2022-05-06_16:19:19,back.ibm.com,web,223,22,hello_ibm
2022-05-06_16:19:19,back.ibm.com,mysql,235,20,hello_ibm
2022-05-06_16:19:19,back.ibm.com,ratings,123,21,hello_ibm
2022-05-06_16:19:19,back.ibm.com,web,223,22,hello_ibm
2022-05-06_16:19:19,back.ibm.com,mysql,235,20,hello_ibm
2022-05-06_16:19:19,back.ibm.com,ratings,123,21,hello_ibm
2022-05-06_16:19:19,back.ibm.com,web,223,22,hello_ibm
2022-05-06_16:19:19,back.ibm.com,mysql,235,20,hello_ibm
2022-05-06_16:19:19,back.ibm.com,ratings,123,21,hello_ibm
2022-05-06_16:19:19,back.ibm.com,web,223,22,hello_ibm
2022-05-06_16:19:19,back.ibm.com,mysql,235,20,hello_ibm
2022-05-06_16:19:19,back.ibm.com,ratings,123,21,hello_ibm
2022-05-06_16:19:19,back.ibm.com,web,223,22,hello_ibm
2022-05-06_16:19:19,back.ibm.com,mysql,235,20,hello_ibm
2022-05-06_16:19:19,back.ibm.com,ratings,123,21,hello_ibm
2022-05-06_16:19:19,back.ibm.com,web,223,22,hello_ibm
2022-05-06_16:19:19,back.ibm.com,mysql,235,20,hello_ibm
2022-05-06_16:19:19,back.ibm.com,ratings,123,21,hello_ibm
2022-05-06_16:19:19,back.ibm.com,web,223,22,hello_ibm
2022-05-06_16:19:19,back.ibm.com,mysql,235,20,hello_ibm
2022-05-06_16:19:19,back.ibm.com,ratings,123,21,hello_ibm
2022-05-06_16:19:19,back.ibm.com,web,223,22,hello_ibm
2022-05-06_16:19:19,back.ibm.com,mysql,235,20,hello_ibm
2022-05-06_16:19:19,back.ibm.com,ratings,123,21,hello_ibm
2022-05-06_16:19:19,back.ibm.com,web,223,22,hello_ibm
2022-05-06_16:19:19,back.ibm.com,mysql,235,20,hello_ibm
2022-05-06_16:19:19,back.ibm.com,ratings,123,21,hello_ibm
2022-05-06_16:19:19,back.ibm.com,web,223,22,hello_ibm
2022-05-06_16:19:19,back.ibm.com,mysql,235,20,hello_ibm
2022-05-06_16:19:19,back.ibm.com,ratings,123,21,hello_ibm
2022-05-06_16:19:19,back.ibm.com,web,223,22,hello_ibm
2022-05-06_16:19:19,back.ibm.com,mysql,235,20,hello_ibm
2022-05-06_16:19:19,back.ibm.com,ratings,123,21,hello_ibm
2022-05-06_16:19:19,back.ibm.com,web,223,22,hello_ibm
2022-05-06_16:19:19,back.ibm.com,mysql,235,20,hello_ibm
2022-05-06_16:19:19,back.ibm.com,ratings,123,21,hello_ibm
2022-05-06_16:19:19,back.ibm.com,web,223,22,hello_ibm
2022-05-06_16:19:19,back.ibm.com,mysql,235,20,hello_ibm
2022-05-06_16:19:19,back.ibm.com,ratings,123,21,hello_ibm
2022-05-06_16:19:19,back.ibm.com,web,223,22,hello_ibm
2022-05-06_16:19:19,back.ibm.com,mysql,235,20,hello_ibm
2022-05-06_16:19:19,back.ibm.com,ratings,123,21,hello_ibm
2022-05-06_16:19:19,back.ibm.com,web,223,22,hello_ibm
2022-05-06_16:19:19,back.ibm.com,mysql,235,20,hello_ibm
2022-05-06_16:19:19,back.ibm.com,ratings,123,21,hello_ibm
2022-05-06_16:19:19,back.ibm.com,web,223,22,hello_ibm
2022-05-06_16:19:19,back.ibm.com,mysql,235,20,hello_ibm
2022-05-06_16:19:19,back.ibm.com,ratings,123,21,hello_ibm
2022-05-06_16:19:19,back.ibm.com,web,223,22,hello_ibm
2022-05-06_16:19:19,back.ibm.com,mysql,235,20,hello_ibm
2022-05-06_16:19:19,back.ibm.com,ratings,123,21,hello_ibm
2022-05-06_16:19:19,back.ibm.com,web,223,22,hello_ibm
2022-05-06_16:19:19,back.ibm.com,mysql,235,20,hello_ibm
2022-05-06_16:19:19,back.ibm.com,ratings,123,21,hello_ibm
2022-05-06_16:19:19,back.ibm.com,web,223,22,hello_ibm
2022-05-06_16:19:19,back.ibm.com,mysql,235,20,hello_ibm
2022-05-06_16:19:19,back.ibm.com,ratings,123,21,hello_ibm
2022-05-06_16:19:19,back.ibm.com,web,223,22,hello_ibm
2022-05-06_16:19:19,back.ibm.com,mysql,235,20,hello_ibm
2022-05-06_16:19:19,back.ibm.com,ratings,123,21,hello_ibm
2022-05-06_16:19:19,back.ibm.com,web,223,22,hello_ibm
2022-05-06_16:19:19,back.ibm.com,mysql,235,20,hello_ibm
2022-05-06_16:19:19,back.ibm.com,ratings,123,21,hello_ibm
2022-05-06_16:19:19,back.ibm.com,web,223,22,hello_ibm
2022-05-06_16:19:19,back.ibm.com,mysql,235,20,hello_ibm
2022-05-06_16:19:19,back.ibm.com,ratings,123,21,hello_ibm
2022-05-06_16:19:19,back.ibm.com,web,223,22,hello_ibm
2022-05-06_16:19:19,back.ibm.com,mysql,235,20,hello_ibm
2022-05-06_16:19:19,back.ibm.com,ratings,123,21,hello_ibm
2022-05-06_16:19:19,back.ibm.com,web,223,22,hello_ibm
2022-05-06_16:19:19,back.ibm.com,mysql,235,20,hello_ibm
2022-05-06_16:19:19,back.ibm.com,ratings,123,21,hello_ibm
2022-05-06_16:19:19,back.ibm.com,web,223,22,hello_ibm
2022-05-06_16:19:19,back.ibm.com,mysql,235,20,hello_ibm
2022-05-06_16:19:19,back.ibm.com,ratings,123,21,hello_ibm
2022-05-06_16:19:19,back.ibm.com,web,223,22,hello_ibm
2022-05-06_16:19:19,back.ibm.com,mysql,235,20,hello_ibm
2022-05-06_16:19:19,back.ibm.com,ratings,123,21,hello_ibm
2022-05-06_16:19:19,back.ibm.com,web,223,22,hello_ibm
2022-05-06_16:19:19,back.ibm.com,mysql,235,20,hello_ibm
2022-05-06_16:19:19,back.ibm.com,ratings,123,21,hello_ibm
2022-05-06_16:19:19,back.ibm.com,web,223,22,hello_ibm
2022-05-06_16:19:19,back.ibm.com,mysql,235,20,hello_ibm
2022-05-06_16:19:19,back.ibm.com,ratings,123,21,hello_ibm
2022-05-06_16:19:19,back.ibm.com,web,223,22,hello_ibm
2022-05-06_16:19:19,back.ibm.com,mysql,235,20,hello_ibm
2022-05-06_16:19:19,back.ibm.com,ratings,123,21,hello_ibm
2022-05-06_16:19:19,back.ibm.com,web,223,22,hello_ibm
2022-05-06_16:19:19,back.ibm.com,mysql,235,20,hello_ibm
2022-05-06_16:19:19,back.ibm.com,ratings,123,21,hello_ibm
2022-05-06_16:19:19,back.ibm.com,web,223,22,hello_ibm
2022-05-06_16:19:19,back.ibm.com,mysql,235,20,hello_ibm
2022-05-06_16:19:19,back.ibm.com,ratings,123,21,hello_ibm
2022-05-06_16:19:19,back.ibm.com,web,223,22,hello_ibm
2022-05-06_16:19:19,back.ibm.com,mysql,235,20,hello_ibm
2022-05-06_16:19:19,back.ibm.com,ratings,123,21,hello_ibm
2022-05-06_16:19:19,back.ibm.com,web,223,22,hello_ibm
2022-05-06_16:19:19,back.ibm.com,mysql,235,20,hello_ibm
2022-05-06_16:19:19,back.ibm.com,ratings,123,21,hello_ibm
2022-05-06_16:19:19,back.ibm.com,web,223,22,hello_ibm
2022-05-06_16:19:19,back.ibm.com,mysql,235,20,hello_ibm
2022-05-06_16:19:19,back.ibm.com,ratings,123,21,hello_ibm
2022-05-06_16:19:19,back.ibm.com,web,223,22,hello_ibm
2022-05-06_16:19:19,back.ibm.com,mysql,235,20,hello_ibm
2022-05-06_16:19:19,back.ibm.com,ratings,123,21,hello_ibm
2022-05-06_16:19:19,back.ibm.com,web,223,22,hello_ibm
2022-05-06_16:19:19,back.ibm.com,mysql,235,20,hello_ibm
2022-05-06_16:19:19,back.ibm.com,ratings,123,21,hello_ibm
2022-05-06_16:19:19,back.ibm.com,web,223,22,hello_ibm
2022-05-06_16:19:19,back.ibm.com,mysql,235,20,hello_ibm
2022-05-06_16:19:19,back.ibm.com,ratings,123,21,hello_ibm
2022-05-06_16:19:19,back.ibm.com,web,223,22,hello_ibm
2022-05-06_16:19:19,back.ibm.com,mysql,235,20,hello_ibm
2022-05-06_16:19:19,back.ibm.com,ratings,123,21,hello_ibm
2022-05-06_16:19:19,back.ibm.com,web,223,22,hello_ibm
2022-05-06_16:19:19,back.ibm.com,mysql,235,20,hello_ibm
2022-05-06_16:19:19,back.ibm.com,ratings,123,21,hello_ibm
2022-05-06_16:19:19,back.ibm.com,web,223,22,hello_ibm
2022-05-06_16:19:19,back.ibm.com,mysql,235,20,hello_ibm
2022-05-06_16:19:19,back.ibm.com,ratings,123,21,hello_ibm
2022-05-06_16:19:19,back.ibm.com,web,223,22,hello_ibm
2022-05-06_16:19:19,back.ibm.com,mysql,235,20,hello_ibm
2022-05-06_16:19:19,back.ibm.com,ratings,123,21,hello_ibm
2022-05-06_16:19:19,back.ibm.com,web,223,22,hello_ibm
2022-05-06_16:19:19,back.ibm.com,mysql,235,20,hello_ibm
2022-05-06_16:19:19,back.ibm.com,ratings,123,21,hello_ibm
2022-05-06_16:19:19,back.ibm.com,web,223,22,hello_ibm
2022-05-06_16:19:19,back.ibm.com,mysql,235,20,hello_ibm
2022-05-06_16:19:19,back.ibm.com,ratings,123,21,hello_ibm
2022-05-06_16:19:19,back.ibm.com,web,223,22,hello_ibm
2022-05-06_16:19:19,back.ibm.com,mysql,235,20,hello_ibm
2022-05-06_16:19:19,back.ibm.com,ratings,123,21,hello_ibm
2022-05-06_16:19:19,back.ibm.com,web,223,22,hello_ibm
2022-05-06_16:19:19,back.ibm.com,mysql,235,20,hello_ibm
2022-05-06_16:19:19,back.ibm.com,ratings,123,21,hello_ibm
2022-05-06_16:19:19,back.ibm.com,web,223,22,hello_ibm
2022-05-06_16:19:19,back.ibm.com,mysql,235,20,hello_ibm
2022-05-06_16:19:19,back.ibm.com,ratings,123,21,hello_ibm
2022-05-06_16:19:19,back.ibm.com,web,223,22,hello_ibm
2022-05-06_16:19:19,back.ibm.com,mysql,235,20,hello_ibm
2022-05-06_16:19:19,back.ibm.com,ratings,123,21,hello_ibm
2022-05-06_16:19:19,back.ibm.com,web,223,22,hello_ibm
2022-05-06_16:19:19,back.ibm.com,mysql,235,20,hello_ibm
2022-05-06_16:19:19,back.ibm.com,ratings,123,21,hello_ibm
2022-05-06_16:19:19,back.ibm.com,web,223,22,hello_ibm
2022-05-06_16:19:19,back.ibm.com,mysql,235,20,hello_ibm
2022-05-06_16:19:19,back.ibm.com,ratings,123,21,hello_ibm
2022-05-06_16:19:19,back.ibm.com,web,223,22,hello_ibm
2022-05-06_16:19:19,back.ibm.com,mysql,235,20,hello_ibm
2022-05-06_16:19:19,back.ibm.com,ratings,123,21,hello_ibm
2022-05-06_16:19:19,back.ibm.com,web,223,22,hello_ibm
2022-05-06_16:19:19,back.ibm.com,mysql,235,20,hello_ibm
2022-05-06_16:19:19,back.ibm.com,ratings,123,21,hello_ibm
2022-05-06_16:19:19,back.ibm.com,web,223,22,hello_ibm
2022-05-06_16:19:19,back.ibm.com,mysql,235,20,hello_ibm
2022-05-06_16:19:19,back.ibm.com,ratings,123,21,hello_ibm
2022-05-06_16:19:19,back.ibm.com,web,223,22,hello_ibm
2022-05-06_16:19:19,back.ibm.com,mysql,235,20,hello_ibm
2022-05-06_16:19:19,back.ibm.com,ratings,123,21,hello_ibm
2022-05-06_16:19:19,back.ibm.com,web,223,22,hello_ibm
2022-05-06_16:19:19,back.ibm.com,mysql,235,20,hello_ibm
2022-05-06_16:19:19,back.ibm.com,ratings,123,21,hello_ibm
2022-05-06_16:19:19,back.ibm.com,web,223,22,hello_ibm
2022-05-06_16:19:19,back.ibm.com,mysql,235,20,hello_ibm
2022-05-06_16:19:19,back.ibm.com,ratings,123,21,hello_ibm
2022-05-06_16:19:19,back.ibm.com,web,223,22,hello_ibm
2022-05-06_16:19:19,back.ibm.com,mysql,235,20,hello_ibm
2022-05-06_16:19:19,back.ibm.com,ratings,123,21,hello_ibm
2022-05-06_16:19:19,back.ibm.com,web,223,22,hello_ibm
2022-05-06_16:19:19,back.ibm.com,mysql,235,20,hello_ibm
2022-05-06_16:19:19,back.ibm.com,ratings,123,21,hello_ibm
2022-05-06_16:19:19,back.ibm.com,web,223,22,hello_ibm
2022-05-06_16:19:19,back.ibm.com,mysql,235,20,hello_ibm
2022-05-06_16:19:19,back.ibm.com,ratings,123,21,hello_ibm
2022-05-06_16:19:19,back.ibm.com,web,223,22,hello_ibm
2022-05-06_16:19:19,back.ibm.com,mysql,235,20,hello_ibm
2022-05-06_16:19:19,back.ibm.com,ratings,123,21,hello_ibm
2022-05-06_16:19:19,back.ibm.com,web,223,22,hello_ibm
2022-05-06_16:19:19,back.ibm.com,mysql,235,20,hello_ibm
2022-05-06_16:19:19,back.ibm.com,ratings,123,21,hello_ibm
2022-05-06_16:19:19,back.ibm.com,web,223,22,hello_ibm
2022-05-06_16:19:19,back.ibm.com,mysql,235,20,hello_ibm
2022-05-06_16:19:19,back.ibm.com,ratings,123,21,hello_ibm
2022-05-06_16:19:19,back.ibm.com,web,223,22,hello_ibm
2022-05-06_16:19:19,back.ibm.com,mysql,235,20,hello_ibm
2022-05-06_16:19:19,back.ibm.com,ratings,123,21,hello_ibm
2022-05-06_16:19:19,back.ibm.com,web,223,22,hello_ibm
2022-05-06_16:19:19,back.ibm.com,mysql,235,20,hello_ibm
2022-05-06_16:19:19,back.ibm.com,ratings,123,21,hello_ibm
2022-05-06_16:19:19,back.ibm.com,web,223,22,hello_ibm
2022-05-06_16:19:19,back.ibm.com,mysql,235,20,hello_ibm
2022-05-06_16:19:19,back.ibm.com,ratings,123,21,hello_ibm
2022-05-06_16:19:19,back.ibm.com,web,223,22,hello_ibm
2022-05-06_16:19:19,back.ibm.com,mysql,235,20,hello_ibm
2022-05-06_16:19:19,back.ibm.com,ratings,123,21,hello_ibm
2022-05-06_16:19:19,back.ibm.com,web,223,22,hello_ibm
2022-05-06_16:19:19,back.ibm.com,mysql,235,20,hello_ibm
2022-05-06_16:19:19,back.ibm.com,ratings,123,21,hello_ibm
2022-05-06_16:19:19,back.ibm.com,web,223,22,hello_ibm
2022-05-06_16:19:19,back.ibm.com,mysql,235,20,hello_ibm
2022-05-06_16:19:19,back.ibm.com,ratings,123,21,hello_ibm
2022-05-06_16:19:19,back.ibm.com,web,223,22,hello_ibm
2022-05-06_16:19:19,back.ibm.com,mysql,235,20,hello_ibm
2022-05-06_16:19:19,back.ibm.com,ratings,123,21,hello_ibm
2022-05-06_16:19:19,back.ibm.com,web,223,22,hello_ibm
2022-05-06_16:19:19,back.ibm.com,mysql,235,20,hello_ibm
2022-05-06_16:19:19,back.ibm.com,ratings,123,21,hello_ibm
2022-05-06_16:19:19,back.ibm.com,web,223,22,hello_ibm
2022-05-06_16:19:19,back.ibm.com,mysql,235,20,hello_ibm
2022-05-06_16:19:19,back.ibm.com,ratings,123,21,hello_ibm
2022-05-06_16:19:19,back.ibm.com,web,223,22,hello_ibm
2022-05-06_16:19:19,back.ibm.com,mysql,235,20,hello_ibm
2022-05-06_16:19:19,back.ibm.com,ratings,123,21,hello_ibm
2022-05-06_16:19:19,back.ibm.com,web,223,22,hello_ibm
2022-05-06_16:19:19,back.ibm.com,mysql,235,20,hello_ibm
2022-05-06_16:19:19,back.ibm.com,ratings,123,21,hello_ibm
2022-05-06_16:19:19,back.ibm.com,web,223,22,hello_ibm
2022-05-06_16:19:19,back.ibm.com,mysql,235,20,hello_ibm
2022-05-06_16:19:19,back.ibm.com,ratings,123,21,hello_ibm
2022-05-06_16:19:19,back.ibm.com,web,223,22,hello_ibm
2022-05-06_16:19:19,back.ibm.com,mysql,235,20,hello_ibm
2022-05-06_16:19:19,back.ibm.com,ratings,123,21,hello_ibm
2022-05-06_16:19:19,back.ibm.com,web,223,22,hello_ibm
2022-05-06_16:19:19,back.ibm.com,mysql,235,20,hello_ibm
2022-05-06_16:19:19,back.ibm.com,ratings,123,21,hello_ibm
2022-05-06_16:19:19,back.ibm.com,web,223,22,hello_ibm
2022-05-06_16:19:19,back.ibm.com,mysql,235,20,hello_ibm
2022-05-06_16:19:19,back.ibm.com,ratings,123,21,hello_ibm
2022-05-06_16:19:19,back.ibm.com,web,223,22,hello_ibm
2022-05-06_16:19:19,back.ibm.com,mysql,235,20,hello_ibm
2022-05-06_16:19:19,back.ibm.com,ratings,123,21,hello_ibm
2022-05-06_16:19:19,back.ibm.com,web,223,22,hello_ibm
2022-05-06_16:19:19,back.ibm.com,mysql,235,20,hello_ibm
2022-05-06_16:19:19,back.ibm.com,ratings,123,21,hello_ibm
2022-05-06_16:19:19,back.ibm.com,web,223,22,hello_ibm
2022-05-06_16:19:19,back.ibm.com,mysql,235,20,hello_ibm
2022-05-06_16:19:19,back.ibm.com,ratings,123,21,hello_ibm
2022-05-06_16:19:19,back.ibm.com,web,223,22,hello_ibm
2022-05-06_16:19:19,back.ibm.com,mysql,235,20,hello_ibm
2022-05-06_16:19:19,back.ibm.com,ratings,123,21,hello_ibm
2022-05-06_16:19:19,back.ibm.com,web,223,22,hello_ibm
2022-05-06_16:19:19,back.ibm.com,mysql,235,20,hello_ibm
2022-05-06_16:19:19,back.ibm.com,ratings,123,21,hello_ibm
2022-05-06_16:19:19,back.ibm.com,web,223,22,hello_ibm
2022-05-06_16:19:19,back.ibm.com,mysql,235,20,hello_ibm
2022-05-06_16:19:19,back.ibm.com,ratings,123,21,hello_ibm
2022-05-06_16:19:19,back.ibm.com,web,223,22,hello_ibm
2022-05-06_16:19:19,back.ibm.com,mysql,235,20,hello_ibm
2022-05-06_16:19:19,back.ibm.com,ratings,123,21,hello_ibm
2022-05-06_16:19:19,back.ibm.com,web,223,22,hello_ibm
2022-05-06_16:19:19,back.ibm.com,mysql,235,20,hello_ibm
2022-05-06_16:19:19,back.ibm.com,ratings,123,21,hello_ibm
2022-05-06_16:19:19,back.ibm.com,web,223,22,hello_ibm
2022-05-06_16:19:19,back.ibm.com,mysql,235,20,hello_ibm
2022-05-06_16:19:19,back.ibm.com,ratings,123,21,hello_ibm
2022-05-06_16:19:19,back.ibm.com,web,223,22,hello_ibm
2022-05-06_16:19:19,back.ibm.com,mysql,235,20,hello_ibm
2022-05-06_16:19:19,back.ibm.com,ratings,123,21,hello_ibm
2022-05-06_16:19:19,back.ibm.com,web,223,22,hello_ibm
2022-05-06_16:19:19,back.ibm.com,mysql,235,20,hello_ibm
2022-05-06_16:19:19,back.ibm.com,ratings,123,21,hello_ibm
2022-05-06_16:19:19,back.ibm.com,web,223,22,hello_ibm
2022-05-06_16:19:19,back.ibm.com,mysql,235,20,hello_ibm
2022-05-06_16:19:19,back.ibm.com,ratings,123,21,hello_ibm
2022-05-06_16:19:19,back.ibm.com,web,223,22,hello_ibm
2022-05-06_16:19:19,back.ibm.com,mysql,235,20,hello_ibm
2022-05-06_16:19:19,back.ibm.com,ratings,123,21,hello_ibm
2022-05-06_16:19:19,back.ibm.com,web,223,22,hello_ibm
2022-05-06_16:19:19,back.ibm.com,mysql,235,20,hello_ibm
2022-05-06_16:19:19,back.ibm.com,ratings,123,21,hello_ibm
2022-05-06_16:19:19,back.ibm.com,web,223,22,hello_ibm
2022-05-06_16:19:19,back.ibm.com,mysql,235,20,hello_ibm
2022-05-06_16:19:19,back.ibm.com,ratings,123,21,hello_ibm
2022-05-06_16:19:19,back.ibm.com,web,223,22,hello_ibm
2022-05-06_16:19:19,back.ibm.com,mysql,235,20,hello_ibm
2022-05-06_16:19:19,back.ibm.com,ratings,123,21,hello_ibm
2022-05-06_16:19:19,back.ibm.com,web,223,22,hello_ibm
2022-05-06_16:19:19,back.ibm.com,mysql,235,20,hello_ibm
2022-05-06_16:19:19,back.ibm.com,ratings,123,21,hello_ibm
2022-05-06_16:19:19,back.ibm.com,web,223,22,hello_ibm
2022-05-06_16:19:19,back.ibm.com,mysql,235,20,hello_ibm
2022-05-06_16:19:19,back.ibm.com,ratings,123,21,hello_ibm
2022-05-06_16:19:19,back.ibm.com,web,223,22,hello_ibm
2022-05-06_16:19:19,back.ibm.com,mysql,235,20,hello_ibm
2022-05-06_16:19:19,back.ibm.com,ratings,123,21,hello_ibm
2022-05-06_16:19:19,back.ibm.com,web,223,22,hello_ibm
2022-05-06_16:19:19,back.ibm.com,mysql,235,20,hello_ibm
2022-05-06_16:19:19,back.ibm.com,ratings,123,21,hello_ibm
2022-05-06_16:19:19,back.ibm.com,web,223,22,hello_ibm
2022-05-06_16:19:19,back.ibm.com,mysql,235,20,hello_ibm
2022-05-06_16:19:19,back.ibm.com,ratings,123,21,hello_ibm
2022-05-06_16:19:19,back.ibm.com,web,223,22,hello_ibm
2022-05-06_16:19:19,back.ibm.com,mysql,235,20,hello_ibm
2022-05-06_16:19:19,back.ibm.com,ratings,123,21,hello_ibm
2022-05-06_16:19:19,back.ibm.com,web,223,22,hello_ibm
2022-05-06_16:19:19,back.ibm.com,mysql,235,20,hello_ibm
2022-05-06_16:19:19,back.ibm.com,ratings,123,21,hello_ibm
2022-05-06_16:19:19,back.ibm.com,web,223,22,hello_ibm
2022-05-06_16:19:19,back.ibm.com,mysql,235,20,hello_ibm
2022-05-06_16:19:19,back.ibm.com,ratings,123,21,hello_ibm
2022-05-06_16:19:19,back.ibm.com,web,223,22,hello_ibm
2022-05-06_16:19:19,back.ibm.com,mysql,235,20,hello_ibm
2022-05-06_16:19:19,back.ibm.com,ratings,123,21,hello_ibm
2022-05-06_16:19:19,back.ibm.com,web,223,22,hello_ibm
2022-05-06_16:19:19,back.ibm.com,mysql,235,20,hello_ibm
2022-05-06_16:19:19,back.ibm.com,ratings,123,21,hello_ibm
2022-05-06_16:19:19,back.ibm.com,web,223,22,hello_ibm
2022-05-06_16:19:19,back.ibm.com,mysql,235,20,hello_ibm
2022-05-06_16:19:19,back.ibm.com,ratings,123,21,hello_ibm
2022-05-06_16:19:19,back.ibm.com,web,223,22,hello_ibm
2022-05-06_16:19:19,back.ibm.com,mysql,235,20,hello_ibm
2022-05-06_16:19:19,back.ibm.com,ratings,123,21,hello_ibm
2022-05-06_16:19:19,back.ibm.com,web,223,22,hello_ibm
2022-05-06_16:19:19,back.ibm.com,mysql,235,20,hello_ibm
2022-05-06_16:19:19,back.ibm.com,ratings,123,21,hello_ibm
2022-05-06_16:19:19,back.ibm.com,web,223,22,hello_ibm
2022-05-06_16:19:19,back.ibm.com,mysql,235,20,hello_ibm
2022-05-06_16:19:19,back.ibm.com,ratings,123,21,hello_ibm
2022-05-06_16:19:19,back.ibm.com,web,223,22,hello_ibm
2022-05-06_16:19:19,back.ibm.com,mysql,235,20,hello_ibm
2022-05-06_16:19:19,back.ibm.com,ratings,123,21,hello_ibm
2022-05-06_16:19:19,back.ibm.com,web,223,22,hello_ibm
2022-05-06_16:19:19,back.ibm.com,mysql,235,20,hello_ibm
2022-05-06_16:19:19,back.ibm.com,ratings,123,21,hello_ibm
2022-05-06_16:19:19,back.ibm.com,web,223,22,hello_ibm
2022-05-06_16:19:19,back.ibm.com,mysql,235,20,hello_ibm
2022-05-06_16:19:19,back.ibm.com,ratings,123,21,hello_ibm
2022-05-06_16:19:19,back.ibm.com,web,223,22,hello_ibm
2022-05-06_16:19:19,back.ibm.com,mysql,235,20,hello_ibm
2022-05-06_16:19:19,back.ibm.com,ratings,123,21,hello_ibm
2022-05-06_16:19:19,back.ibm.com,web,223,22,hello_ibm
2022-05-06_16:19:19,back.ibm.com,mysql,235,20,hello_ibm
2022-05-06_16:19:19,back.ibm.com,ratings,123,21,hello_ibm
2022-05-06_16:19:19,back.ibm.com,web,223,22,hello_ibm
2022-05-06_16:19:19,back.ibm.com,mysql,235,20,hello_ibm
2022-05-06_16:19:19,back.ibm.com,ratings,123,21,hello_ibm
2022-05-06_16:19:19,back.ibm.com,web,223,22,hello_ibm
2022-05-06_16:19:19,back.ibm.com,mysql,235,20,hello_ibm
2022-05-06_16:19:19,back.ibm.com,ratings,123,21,hello_ibm
2022-05-06_16:19:19,back.ibm.com,web,223,22,hello_ibm
2022-05-06_16:19:19,back.ibm.com,mysql,235,20,hello_ibm
2022-05-06_16:19:19,back.ibm.com,ratings,123,21,hello_ibm
2022-05-06_16:19:19,back.ibm.com,web,223,22,hello_ibm
2022-05-06_16:19:19,back.ibm.com,mysql,235,20,hello_ibm
2022-05-06_16:19:19,back.ibm.com,ratings,123,21,hello_ibm
2022-05-06_16:19:19,back.ibm.com,web,223,22,hello_ibm
2022-05-06_16:19:19,back.ibm.com,mysql,235,20,hello_ibm
2022-05-06_16:19:19,back.ibm.com,ratings,123,21,hello_ibm
2022-05-06_16:19:19,back.ibm.com,web,223,22,hello_ibm
2022-05-06_16:19:19,back.ibm.com,mysql,235,20,hello_ibm
2022-05-06_16:19:19,back.ibm.com,ratings,123,21,hello_ibm
2022-05-06_16:19:19,back.ibm.com,web,223,22,hello_ibm
2022-05-06_16:19:19,back.ibm.com,mysql,235,20,hello_ibm
2022-05-06_16:19:19,back.ibm.com,ratings,123,21,hello_ibm
2022-05-06_16:19:19,back.ibm.com,web,223,22,hello_ibm
2022-05-06_16:19:19,back.ibm.com,mysql,235,20,hello_ibm
2022-05-06_16:19:19,back.ibm.com,ratings,123,21,hello_ibm
2022-05-06_16:19:19,back.ibm.com,web,223,22,hello_ibm
2022-05-06_16:19:19,back.ibm.com,mysql,235,20,hello_ibm
2022-05-06_16:19:19,back.ibm.com,ratings,123,21,hello_ibm
2022-05-06_16:19:19,back.ibm.com,web,223,22,hello_ibm
2022-05-06_16:19:19,back.ibm.com,mysql,235,20,hello_ibm
2022-05-06_16:19:19,back.ibm.com,ratings,123,21,hello_ibm
2022-05-06_16:19:19,back.ibm.com,web,223,22,hello_ibm
2022-05-06_16:19:19,back.ibm.com,mysql,235,20,hello_ibm
2022-05-06_16:19:19,back.ibm.com,ratings,123,21,hello_ibm
2022-05-06_16:19:19,back.ibm.com,web,223,22,hello_ibm
2022-05-06_16:19:19,back.ibm.com,mysql,235,20,hello_ibm
2022-05-06_16:19:19,back.ibm.com,ratings,123,21,hello_ibm
2022-05-06_16:19:19,back.ibm.com,web,223,22,hello_ibm
2022-05-06_16:19:19,back.ibm.com,mysql,235,20,hello_ibm
2022-05-06_16:19:19,back.ibm.com,ratings,123,21,hello_ibm
2022-05-06_16:19:19,back.ibm.com,web,223,22,hello_ibm
2022-05-06_16:19:19,back.ibm.com,mysql,235,20,hello_ibm
2022-05-06_16:19:19,back.ibm.com,ratings,123,21,hello_ibm
2022-05-06_16:19:19,back.ibm.com,web,223,22,hello_ibm
2022-05-06_16:19:19,back.ibm.com,mysql,235,20,hello_ibm
2022-05-06_16:19:19,back.ibm.com,ratings,123,21,hello_ibm
2022-05-06_16:19:19,back.ibm.com,web,223,22,hello_ibm
2022-05-06_16:19:19,back.ibm.com,mysql,235,20,hello_ibm
2022-05-06_16:19:19,back.ibm.com,ratings,123,21,hello_ibm
2022-05-06_16:19:19,back.ibm.com,web,223,22,hello_ibm
2022-05-06_16:19:19,back.ibm.com,mysql,235,20,hello_ibm
2022-05-06_16:19:19,back.ibm.com,ratings,123,21,hello_ibm
2022-05-06_16:19:19,back.ibm.com,web,223,22,hello_ibm
2022-05-06_16:19:19,back.ibm.com,mysql,235,20,hello_ibm
2022-05-06_16:19:19,back.ibm.com,ratings,123,21,hello_ibm
2022-05-06_16:19:19,back.ibm.com,web,223,22,hello_ibm
2022-05-06_16:19:19,back.ibm.com,mysql,235,20,hello_ibm
2022-05-06_16:19:19,back.ibm.com,ratings,123,21,hello_ibm
2022-05-06_16:19:19,back.ibm.com,web,223,22,hello_ibm
2022-05-06_16:19:19,back.ibm.com,mysql,235,20,hello_ibm
2022-05-06_16:19:19,back.ibm.com,ratings,123,21,hello_ibm
2022-05-06_16:19:19,back.ibm.com,web,223,22,hello_ibm
2022-05-06_16:19:19,back.ibm.com,mysql,235,20,hello_ibm
2022-05-06_16:19:19,back.ibm.com,ratings,123,21,hello_ibm
2022-05-06_16:19:19,back.ibm.com,web,223,22,hello_ibm
2022-05-06_16:19:19,back.ibm.com,mysql,235,20,hello_ibm
2022-05-06_16:19:19,back.ibm.com,ratings,123,21,hello_ibm
2022-05-06_16:19:19,back.ibm.com,web,223,22,hello_ibm
2022-05-06_16:19:19,back.ibm.com,mysql,235,20,hello_ibm
2022-05-06_16:19:19,back.ibm.com,ratings,123,21,hello_ibm
2022-05-06_16:19:19,back.ibm.com,web,223,22,hello_ibm
2022-05-06_16:19:19,back.ibm.com,mysql,235,20,hello_ibm
2022-05-06_16:19:19,back.ibm.com,ratings,123,21,hello_ibm
2022-05-06_16:19:19,back.ibm.com,web,223,22,hello_ibm
2022-05-06_16:19:19,back.ibm.com,mysql,235,20,hello_ibm
2022-05-06_16:19:19,back.ibm.com,ratings,123,21,hello_ibm
2022-05-06_16:19:19,back.ibm.com,web,223,22,hello_ibm
2022-05-06_16:19:19,back.ibm.com,mysql,235,20,hello_ibm
2022-05-06_16:19:19,back.ibm.com,ratings,123,21,hello_ibm
2022-05-06_16:19:19,back.ibm.com,web,223,22,hello_ibm
2022-05-06_16:19:19,back.ibm.com,mysql,235,20,hello_ibm
2022-05-06_16:19:19,back.ibm.com,ratings,123,21,hello_ibm
2022-05-06_16:19:19,back.ibm.com,web,223,22,hello_ibm
2022-05-06_16:19:19,back.ibm.com,mysql,235,20,hello_ibm
2022-05-06_16:19:19,back.ibm.com,ratings,123,21,hello_ibm
2022-05-06_16:19:19,back.ibm.com,web,223,22,hello_ibm
2022-05-06_16:19:19,back.ibm.com,mysql,235,20,hello_ibm
2022-05-06_16:19:19,back.ibm.com,ratings,123,21,hello_ibm
2022-05-06_16:19:19,back.ibm.com,web,223,22,hello_ibm
2022-05-06_16:19:19,back.ibm.com,mysql,235,20,hello_ibm
2022-05-06_16:19:19,back.ibm.com,ratings,123,21,hello_ibm
2022-05-06_16:19:19,back.ibm.com,web,223,22,hello_ibm
2022-05-06_16:19:19,back.ibm.com,mysql,235,20,hello_ibm
2022-05-06_16:19:19,back.ibm.com,ratings,123,21,hello_ibm
2022-05-06_16:19:19,back.ibm.com,web,223,22,hello_ibm
2022-05-06_16:19:19,back.ibm.com,mysql,235,20,hello_ibm
2022-05-06_16:19:19,back.ibm.com,ratings,123,21,hello_ibm
2022-05-06_16:19:19,back.ibm.com,web,223,22,hello_ibm
2022-05-06_16:19:19,back.ibm.com,mysql,235,20,hello_ibm
2022-05-06_16:19:19,back.ibm.com,ratings,123,21,hello_ibm
2022-05-06_16:19:19,back.ibm.com,web,223,22,hello_ibm
2022-05-06_16:19:19,back.ibm.com,mysql,235,20,hello_ibm
2022-05-06_16:19:19,back.ibm.com,ratings,123,21,hello_ibm
2022-05-06_16:19:19,back.ibm.com,web,223,22,hello_ibm
2022-05-06_16:19:19,back.ibm.com,mysql,235,20,hello_ibm
2022-05-06_16:19:19,back.ibm.com,ratings,123,21,hello_ibm
2022-05-06_16:19:19,back.ibm.com,web,223,22,hello_ibm
2022-05-06_16:19:19,back.ibm.com,mysql,235,20,hello_ibm
2022-05-06_16:19:19,back.ibm.com,ratings,123,21,hello_ibm
2022-05-06_16:19:19,back.ibm.com,web,223,22,hello_ibm
2022-05-06_16:19:19,back.ibm.com,mysql,235,20,hello_ibm
2022-05-06_16:19:19,back.ibm.com,ratings,123,21,hello_ibm
2022-05-06_16:19:19,back.ibm.com,web,223,22,hello_ibm
2022-05-06_16:19:19,back.ibm.com,mysql,235,20,hello_ibm
2022-05-06_16:19:19,back.ibm.com,ratings,123,21,hello_ibm
2022-05-06_16:19:19,back.ibm.com,web,223,22,hello_ibm
2022-05-06_16:19:19,back.ibm.com,mysql,235,20,hello_ibm
2022-05-06_16:19:19,back.ibm.com,ratings,123,21,hello_ibm
2022-05-06_16:19:19,back.ibm.com,web,223,22,hello_ibm
2022-05-06_16:19:19,back.ibm.com,mysql,235,20,hello_ibm
2022-05-06_16:19:19,back.ibm.com,ratings,123,21,hello_ibm
2022-05-06_16:19:19,back.ibm.com,web,223,22,hello_ibm
2022-05-06_16:19:19,back.ibm.com,mysql,235,20,hello_ibm
2022-05-06_16:19:19,back.ibm.com,ratings,123,21,hello_ibm
2022-05-06_16:19:19,back.ibm.com,web,223,22,hello_ibm
2022-05-06_16:19:19,back.ibm.com,mysql,235,20,hello_ibm
2022-05-06_16:19:19,back.ibm.com,ratings,123,21,hello_ibm
2022-05-06_16:19:19,back.ibm.com,web,223,22,hello_ibm
2022-05-06_16:19:19,back.ibm.com,mysql,235,20,hello_ibm
2022-05-06_16:19:19,back.ibm.com,ratings,123,21,hello_ibm
2022-05-06_16:19:19,back.ibm.com,web,223,22,hello_ibm
2022-05-06_16:19:19,back.ibm.com,mysql,235,20,hello_ibm
2022-05-06_16:19:19,back.ibm.com,ratings,123,21,hello_ibm
2022-05-06_16:19:19,back.ibm.com,web,223,22,hello_ibm
2022-05-06_16:19:19,back.ibm.com,mysql,235,20,hello_ibm
2022-05-06_16:19:19,back.ibm.com,ratings,123,21,hello_ibm
2022-05-06_16:19:19,back.ibm.com,web,223,22,hello_ibm
2022-05-06_16:19:19,back.ibm.com,mysql,235,20,hello_ibm
2022-05-06_16:19:19,back.ibm.com,ratings,123,21,hello_ibm
2022-05-06_16:19:19,back.ibm.com,web,223,22,hello_ibm
2022-05-06_16:19:19,back.ibm.com,mysql,235,20,hello_ibm
2022-05-06_16:19:19,back.ibm.com,ratings,123,21,hello_ibm
2022-05-06_16:19:19,back.ibm.com,web,223,22,hello_ibm
2022-05-06_16:19:19,back.ibm.com,mysql,235,20,hello_ibm
2022-05-06_16:19:19,back.ibm.com,ratings,123,21,hello_ibm
2022-05-06_16:19:19,back.ibm.com,web,223,22,hello_ibm
2022-05-06_16:19:19,back.ibm.com,mysql,235,20,hello_ibm
2022-05-06_16:19:19,back.ibm.com,ratings,123,21,hello_ibm
2022-05-06_16:19:19,back.ibm.com,web,223,22,hello_ibm
2022-05-06_16:19:19,back.ibm.com,mysql,235,20,hello_ibm
2022-05-06_16:19:19,back.ibm.com,ratings,123,21,hello_ibm
2022-05-06_16:19:19,back.ibm.com,web,223,22,hello_ibm
2022-05-06_16:19:19,back.ibm.com,mysql,235,20,hello_ibm
2022-05-06_16:19:19,back.ibm.com,ratings,123,21,hello_ibm
2022-05-06_16:19:19,back.ibm.com,web,223,22,hello_ibm
2022-05-06_16:19:19,back.ibm.com,mysql,235,20,hello_ibm
2022-05-06_16:19:19,back.ibm.com,ratings,123,21,hello_ibm
2022-05-06_16:19:19,back.ibm.com,web,223,22,hello_ibm
2022-05-06_16:19:19,back.ibm.com,mysql,235,20,hello_ibm
2022-05-06_16:19:19,back.ibm.com,ratings,123,21,hello_ibm
2022-05-06_16:19:19,back.ibm.com,web,223,22,hello_ibm
2022-05-06_16:19:19,back.ibm.com,mysql,235,20,hello_ibm
2022-05-06_16:19:19,back.ibm.com,ratings,123,21,hello_ibm
2022-05-06_16:19:19,back.ibm.com,web,223,22,hello_ibm
2022-05-06_16:19:19,back.ibm.com,mysql,235,20,hello_ibm
2022-05-06_16:19:19,back.ibm.com,ratings,123,21,hello_ibm
2022-05-06_16:19:19,back.ibm.com,web,223,22,hello_ibm
2022-05-06_16:19:19,back.ibm.com,mysql,235,20,hello_ibm
2022-05-06_16:19:19,back.ibm.com,ratings,123,21,hello_ibm
2022-05-06_16:19:19,back.ibm.com,web,223,22,hello_ibm
2022-05-06_16:19:19,back.ibm.com,mysql,235,20,hello_ibm
2022-05-06_16:19:19,back.ibm.com,ratings,123,21,hello_ibm
2022-05-06_16:19:19,back.ibm.com,web,223,22,hello_ibm
2022-05-06_16:19:19,back.ibm.com,mysql,235,20,hello_ibm
2022-05-06_16:19:19,back.ibm.com,ratings,123,21,hello_ibm
2022-05-06_16:19:19,back.ibm.com,web,223,22,hello_ibm
2022-05-06_16:19:19,back.ibm.com,mysql,235,20,hello_ibm
2022-05-06_16:19:19,back.ibm.com,ratings,123,21,hello_ibm
2022-05-06_16:19:19,back.ibm.com,web,223,22,hello_ibm
2022-05-06_16:19:19,back.ibm.com,mysql,235,20,hello_ibm
2022-05-06_16:19:19,back.ibm.com,ratings,123,21,hello_ibm
2022-05-06_16:19:19,back.ibm.com,web,223,22,hello_ibm
2022-05-06_16:19:19,back.ibm.com,mysql,235,20,hello_ibm
2022-05-06_16:19:19,back.ibm.com,ratings,123,21,hello_ibm
2022-05-06_16:19:19,back.ibm.com,web,223,22,hello_ibm
2022-05-06_16:19:19,back.ibm.com,mysql,235,20,hello_ibm
2022-05-06_16:19:19,back.ibm.com,ratings,123,21,hello_ibm
2022-05-06_16:19:19,back.ibm.com,web,223,22,hello_ibm
2022-05-06_16:19:19,back.ibm.com,mysql,235,20,hello_ibm
2022-05-06_16:19:19,back.ibm.com,ratings,123,21,hello_ibm
2022-05-06_16:19:19,back.ibm.com,web,223,22,hello_ibm
2022-05-06_16:19:19,back.ibm.com,mysql,235,20,hello_ibm
2022-05-06_16:19:19,back.ibm.com,ratings,123,21,hello_ibm
2022-05-06_16:19:19,back.ibm.com,web,223,22,hello_ibm
2022-05-06_16:19:19,back.ibm.com,mysql,235,20,hello_ibm
2022-05-06_16:19:19,back.ibm.com,ratings,123,21,hello_ibm
2022-05-06_16:19:19,back.ibm.com,web,223,22,hello_ibm
2022-05-06_16:19:19,back.ibm.com,mysql,235,20,hello_ibm
2022-05-06_16:19:19,back.ibm.com,ratings,123,21,hello_ibm
2022-05-06_16:19:19,back.ibm.com,web,223,22,hello_ibm
2022-05-06_16:19:19,back.ibm.com,mysql,235,20,hello_ibm
2022-05-06_16:19:19,back.ibm.com,ratings,123,21,hello_ibm
2022-05-06_16:19:19,back.ibm.com,web,223,22,hello_ibm
2022-05-06_16:19:19,back.ibm.com,mysql,235,20,hello_ibm
2022-05-06_16:19:19,back.ibm.com,ratings,123,21,hello_ibm
2022-05-06_16:19:19,back.ibm.com,web,223,22,hello_ibm
2022-05-06_16:19:19,back.ibm.com,mysql,235,20,hello_ibm
2022-05-06_16:19:19,back.ibm.com,ratings,123,21,hello_ibm
2022-05-06_16:19:19,back.ibm.com,web,223,22,hello_ibm
2022-05-06_16:19:19,back.ibm.com,mysql,235,20,hello_ibm
2022-05-06_16:19:19,back.ibm.com,ratings,123,21,hello_ibm
2022-05-06_16:19:19,back.ibm.com,web,223,22,hello_ibm
2022-05-06_16:19:19,back.ibm.com,mysql,235,20,hello_ibm
2022-05-06_16:19:19,back.ibm.com,ratings,123,21,hello_ibm
2022-05-06_16:19:19,back.ibm.com,web,223,22,hello_ibm
2022-05-06_16:19:19,back.ibm.com,mysql,235,20,hello_ibm
2022-05-06_16:19:19,back.ibm.com,ratings,123,21,hello_ibm
2022-05-06_16:19:19,back.ibm.com,web,223,22,hello_ibm
2022-05-06_16:19:19,back.ibm.com,mysql,235,20,hello_ibm
2022-05-06_16:19:19,back.ibm.com,ratings,123,21,hello_ibm
2022-05-06_16:19:19,back.ibm.com,web,223,22,hello_ibm
2022-05-06_16:19:19,back.ibm.com,mysql,235,20,hello_ibm
2022-05-06_16:19:19,back.ibm.com,ratings,123,21,hello_ibm
2022-05-06_16:19:19,back.ibm.com,web,223,22,hello_ibm
